script_id,ideas,vocabulary,grammar,structure,punctuation,evidence_ideas,evidence_vocabulary,evidence_grammar,evidence_structure,evidence_punctuation,notes
S7842,,,,,,,,,,,
S9737,,,,,,,,,,,
S5785,,,,,,,,,,,
S8377,,,,,,,,,,,
S7090,,,,,,,,,,,
S5239,,,,,,,,,,,
S2191,,,,,,,,,,,
S1808,,,,,,,,,,,
S5485,,,,,,,,,,,
S9113,,,,,,,,,,,
S9755,,,,,,,,,,,
S5891,,,,,,,,,,,
S3977,,,,,,,,,,,
S9615,,,,,,,,,,,
S3724,,,,,,,,,,,
S9537,,,,,,,,,,,
S6713,,,,,,,,,,,
S7894,,,,,,,,,,,
S9005,,,,,,,,,,,
S3286,,,,,,,,,,,
S9612,,,,,,,,,,,
S5731,,,,,,,,,,,
S5850,,,,,,,,,,,
S3749,,,,,,,,,,,
S8245,,,,,,,,,,,
S1993,,,,,,,,,,,
S6391,,,,,,,,,,,
S7515,,,,,,,,,,,
S9448,,,,,,,,,,,
S8055,,,,,,,,,,,
S6601,,,,,,,,,,,
S5073,,,,,,,,,,,
S2018,,,,,,,,,,,
S1164,,,,,,,,,,,
S7300,,,,,,,,,,,
S4772,,,,,,,,,,,
S7127,,,,,,,,,,,
S8810,,,,,,,,,,,
S7139,,,,,,,,,,,
S6765,,,,,,,,,,,
