script_id,genre,task_code,quality_target,awkward_type,prompt_id,source,consent_ref,anonymised_checked,ready
S7842,narrative,QT-WC-01b,weak,,,,,,
S9737,narrative,QT-WC-01b,strong,,,,,,
S5785,narrative,QT-WC-01b,strong,,,,,,
S8377,narrative,QT-WC-01b,middling,memorised_template,,,,,
S7090,narrative,QT-WC-01b,middling,,,,,,
S5239,narrative,QT-WC-01b,weak,too_short,,,,,
S2191,reflective,QT-WC-01a,weak,heavy_spelling_errors_good_ideas,,,,,
S1808,reflective,QT-WC-01a,strong,,,,,,
S5485,narrative,QT-WC-01b,middling,,,,,,
S9113,narrative,QT-WC-01b,middling,,,,,,
S9755,reflective,QT-WC-01a,middling,,,,,,
S5891,reflective,QT-WC-01a,strong,,,,,,
S3977,reflective,QT-WC-01a,weak,,,,,,
S9615,narrative,QT-WC-01b,strong,,,,,,
S3724,reflective,QT-WC-01a,strong,,,,,,
S9537,reflective,QT-WC-01a,weak,,,,,,
S6713,reflective,QT-WC-01a,weak,,,,,,
S7894,narrative,QT-WC-01b,strong,,,,,,
S9005,reflective,QT-WC-01a,strong,,,,,,
S3286,reflective,QT-WC-01a,strong,,,,,,
S9612,narrative,QT-WC-01b,weak,,,,,,
S5731,reflective,QT-WC-01a,middling,memorised_template,,,,,
S5850,reflective,QT-WC-01a,strong,,,,,,
S3749,narrative,QT-WC-01b,strong,off_task,,,,,
S8245,narrative,QT-WC-01b,weak,,,,,,
S1993,reflective,QT-WC-01a,middling,,,,,,
S6391,reflective,QT-WC-01a,weak,,,,,,
S7515,narrative,QT-WC-01b,strong,,,,,,
S9448,narrative,QT-WC-01b,weak,,,,,,
S8055,narrative,QT-WC-01b,weak,,,,,,
S6601,narrative,QT-WC-01b,strong,picture_described_not_a_story,,,,,
S5073,narrative,QT-WC-01b,middling,,,,,,
S2018,reflective,QT-WC-01a,middling,,,,,,
S1164,reflective,QT-WC-01a,weak,,,,,,
S7300,reflective,QT-WC-01a,strong,,,,,,
S4772,narrative,QT-WC-01b,middling,,,,,,
S7127,reflective,QT-WC-01a,middling,off_task,,,,,
S8810,reflective,QT-WC-01a,middling,too_short,,,,,
S7139,narrative,QT-WC-01b,weak,,,,,,
S6765,reflective,QT-WC-01a,weak,,,,,,
